Smart Stats: Du Plessis edges out Gill as MVP| Siraj ahead of Shami among bowlers
Smart Stats MVPs - Old is gold as Rahane| du Plessis| Chawla lead the way
Smart stats - Phillips and Suryakumar soar| Babar struggles
CPL 2022 - Mayers and Cornwall take top spots in Smart Stats list
Luck Index - How giving four lives to Mendis cost Bangladesh the game
Smart stats - Mohsin and Patidar make it an IPL to remember for uncapped players
IPL 2022: Buttler| Livingstone| Mohsin in Hardik-led ESPNcricinfo's Team of the Tournament
Smart Stats: Russell goes high| Williamson goes low 
Luck Index - KKR give de Kock three costly lives
Luck Index - The Kane Williamson error that proved costly
Smart Stats - A tale of two KL Rahul hundreds
Smart Stats - Buttler| Chahal rule first half of IPL 2022
Luck Index - Why you shouldn't give Dinesh Karthik a second chance
Smart Stats: Shadab the MVP of PSL 2022| Shaheen the most impactful bowler
T20 World Cup: Wanindu Hasaranga takes the Smart Stats honours
Glenn Maxwell and Avesh Khan take Smart Stats honours
Smart Stats - Symonds trumps Hayden and Gilchrist to be the MVP of IPL 2009
IPL 2008 Smart Stats: Shane Watson| Sreesanth and Shaun Marsh on top of the pile
Smart stats: Kieron Pollard and Ravindra Jadeja's all-round show| and high-impact Avesh Khan
Sanju Samson and Rahul Chahar take Smart Stats honours 
